Time (%),Total Time (ns),Num Calls,Avg (ns),Med (ns),Min (ns),Max (ns),StdDev (ns),Name
49.8,957285954,634,1509914.8,912882.0,7151,17565604,2609042.8,cudaMemcpy
32.3,620532866,37,16771158.5,147402.0,3330,402480007,71529029.6,cudaDeviceSynchronize
3.5,68029494,7326,9286.0,6520.0,4290,2366578,40965.1,cudaLaunchKernel
2.8,53196357,163,326358.0,8241.0,720,2167500,490005.2,cudaEventSynchronize
2.4,46158594,60,769309.9,15115.0,3800,10181838,2058388.4,cudaFreeHost
1.9,36103069,340,106185.5,5855.5,1720,8774943,666526.6,cudaMalloc
1.5,28366949,66,429802.3,11410.0,3551,7004888,1179834.4,cudaHostAlloc
1.4,26241083,2,13120541.5,13120541.5,275955,25965128,18164988.4,cudaMemcpyToSymbol
1.4,26082894,4337,6014.0,4630.0,3060,378707,8878.2,cudaEventRecord
0.8,15903913,370,42983.5,3290.0,290,1912856,135328.3,cudaFree
0.7,13682071,1126,12151.0,8390.0,4610,152973,10545.4,cudaMemsetAsync
0.7,13416745,927,14473.3,9701.0,4290,105052,12583.7,cudaMemcpyAsync
0.3,5390894,1,5390894.0,5390894.0,5390894,5390894,0.0,cuLibraryUnload
0.2,4122906,460,8962.8,7095.0,4480,64491,6513.3,cudaMemset
0.1,2494919,3893,640.9,510.0,280,9770,559.8,cudaEventCreate
0.1,1735949,7326,237.0,130.0,100,265865,3119.4,cuKernelGetName
0.1,1688314,3897,433.2,310.0,210,7100,433.2,cudaEventDestroy
0.1,1415976,916,1545.8,1040.0,440,17171,1874.5,cudaEventQuery
0.0,125563,5,25112.6,19601.0,16170,36771,10656.2,cudaMemGetInfo
0.0,66520,30,2217.3,1765.0,720,5850,1496.9,cuLibraryGetKernel
0.0,26791,31,864.2,690.0,230,6970,1159.0,cudaGetDeviceProperties
0.0,25550,8,3193.8,755.0,550,12120,4119.3,cudaEventCreateWithFlags
0.0,8860,1,8860.0,8860.0,8860,8860,0.0,cuCtxSynchronize
0.0,8621,1,8621.0,8621.0,8621,8621,0.0,cuModuleGetLoadingMode
0.0,890,2,445.0,445.0,240,650,289.9,cuDeviceGetLuid
