Time (%),Total Time (ns),Instances,Avg (ns),Med (ns),Min (ns),Max (ns),StdDev (ns),Name
28.8,469087815,2,234543907.5,234543907.5,164077177,305010638,99655006.0,"void s2g_ladder_kernel<(int)128, (bool)1>(const unsigned long long *, unsigned long long, int, const unsigned long long *, const unsigned long long *, const unsigned long long *, const unsigned long long *, const unsigned long long *, int, unsigned long long *, unsigned long long *, bool)"
13.5,219753994,1112,197620.5,144420.0,7200,838647,197490.4,"void tile_kernel<(bool)0, (bool)1>(unsigned long long *, const unsigned long long *, unsigned long long, int, int, const unsigned long long *, unsigned long long, unsigned long long, bool)"
9.6,156698455,838,186991.0,89026.0,17280,617489,213668.4,"void outer_fwd_kernel<(int)4>(unsigned long long *, unsigned long long, int, const unsigned long long *, const unsigned long long *, unsigned long long, unsigned long long)"
8.9,144618621,556,260105.4,187861.5,9792,1106238,263145.7,"void tile_kernel<(bool)1, (bool)1>(unsigned long long *, const unsigned long long *, unsigned long long, int, int, const unsigned long long *, unsigned long long, unsigned long long, bool)"
6.0,97432666,1,97432666.0,97432666.0,97432666,97432666,0.0,"void s2g_chain_kernel<(int)128, (bool)1>(const unsigned long long *, unsigned long long, int, const unsigned long long *, const unsigned long long *, const unsigned long long *, const unsigned long long *, const unsigned long long *, const unsigned long long *, unsigned long long, unsigned long long, unsigned long long, unsigned long long *, unsigned long long *, unsigned long long)"
4.7,76629780,419,182887.3,94211.0,19552,572304,200241.6,"void outer_inv_kernel<(int)4>(unsigned long long *, unsigned long long, int, const unsigned long long *, const unsigned long long *, unsigned long long, unsigned long long)"
4.2,68604888,575,119312.8,83363.0,32929,736053,110802.6,"void s4_reduce_kernel<(int)128, (bool)1>(const unsigned long long *, unsigned long long, int, unsigned long long, unsigned long long, unsigned long long, const unsigned long long *, unsigned long long, int, int, const unsigned long long *, unsigned long long, unsigned long long *, unsigned long long, unsigned long long *, unsigned long long *, int, int, unsigned long long, unsigned long long, unsigned long long, int)"
3.5,57180915,824,69394.3,65586.0,12576,151268,26578.5,"s4_pack_gather_kernel(const unsigned long long *, const unsigned long long *, unsigned long long, unsigned long long, int, int, int, unsigned long long, unsigned long long, unsigned long long *)"
3.5,56803907,495,114755.4,124388.0,1792,224166,46617.5,"void carry_cone_kernel<(int)5>(const unsigned long long *, unsigned long long *, unsigned long long, int, unsigned long long)"
3.3,53434383,238,224514.2,119603.5,8545,522414,220368.3,"void outer_fwd_kernel<(int)3>(unsigned long long *, unsigned long long, int, const unsigned long long *, const unsigned long long *, unsigned long long, unsigned long long)"
2.9,47285609,61,775173.9,909210.0,453901,910265,209284.1,"void carry_cone_kernel<(int)6>(const unsigned long long *, unsigned long long *, unsigned long long, int, unsigned long long)"
2.7,44699902,556,80395.5,54978.0,1633,367274,89065.4,"<unnamed>::carry_residual_kernel(const unsigned long long *, unsigned long long, int, unsigned long long *, unsigned long long)"
1.8,29109330,119,244616.2,84162.0,8865,598000,261285.6,"void outer_inv_kernel<(int)3>(unsigned long long *, unsigned long long, int, const unsigned long long *, const unsigned long long *, unsigned long long, unsigned long long)"
1.7,28088814,2,14044407.0,14044407.0,10645896,17442918,4806220.3,"void s2g_segprod_kernel<(int)128>(const unsigned long long *, unsigned long long, int, const unsigned long long *, unsigned long long, unsigned long long, unsigned long long, unsigned long long *, const unsigned long long *)"
1.1,18066163,288,62729.7,60113.5,12864,149477,25236.3,"s4_pack_batch_kernel(const unsigned long long *, int, int, unsigned long long, unsigned long long, unsigned long long, unsigned long long, int, unsigned long long *)"
1.1,17330787,1,17330787.0,17330787.0,17330787,17330787,0.0,"void s2g_block_prod_kernel<(int)128>(const unsigned long long *, int, int, int, const unsigned long long *, unsigned long long, unsigned long long *)"
0.6,10371166,220,47141.7,36065.0,5153,134340,37729.3,"void outer_fwd_kernel<(int)2>(unsigned long long *, unsigned long long, int, const unsigned long long *, const unsigned long long *, unsigned long long, unsigned long long)"
0.4,5981933,202,29613.5,28592.5,3136,40993,8491.3,"void outer_fwd_kernel<(int)1>(unsigned long long *, unsigned long long, int, const unsigned long long *, const unsigned long long *, unsigned long long, unsigned long long)"
0.4,5743896,110,52217.2,34241.0,4576,172517,52173.2,"void outer_inv_kernel<(int)2>(unsigned long long *, unsigned long long, int, const unsigned long long *, const unsigned long long *, unsigned long long, unsigned long long)"
0.3,4234197,7,604885.3,665491.0,439692,687667,100454.1,"void s2g_baby_inverse_kernel<(int)128>(const unsigned long long *, unsigned long long *, unsigned long long, const unsigned char *, unsigned long long, const unsigned long long *, unsigned long long, int)"
0.2,3090486,8,386310.8,378186.0,232646,628529,118382.6,"void s2g_baby_product_kernel<(int)128>(const unsigned long long *, unsigned long long, unsigned long long *, const unsigned long long *, unsigned long long, int)"
0.2,2810003,412,6820.4,6720.5,1408,19457,3031.1,"s4_scatter_result_kernel(const unsigned long long *, unsigned long long, unsigned long long, unsigned long long, unsigned long long, int, const unsigned long long *, unsigned long long *)"
0.2,2590886,101,25652.3,24928.0,2784,35265,7266.9,"void outer_inv_kernel<(int)1>(unsigned long long *, unsigned long long, int, const unsigned long long *, const unsigned long long *, unsigned long long, unsigned long long)"
0.2,2533383,1,2533383.0,2533383.0,2533383,2533383,0.0,"void s2g_baby_leaf_kernel<(int)128>(const unsigned long long *, const unsigned long long *, const unsigned long long *, unsigned long long, unsigned long long *, const unsigned char *, const unsigned long long *, unsigned long long, int)"
0.1,1597100,14,114078.6,120515.5,29249,121507,24417.8,"s2g_projective_leaf_kernel(const unsigned long long *, int, const unsigned long long *, const unsigned long long *, unsigned long long, unsigned long long, unsigned long long *)"
0.1,1157087,13,89006.7,88835.0,87747,90434,802.7,"fold_subtract_kernel(const unsigned long long *, const unsigned long long *, const unsigned long long *, int, unsigned long long, unsigned long long *, unsigned long long *)"
0.1,1044546,42,24870.1,4256.0,3776,180517,40411.0,"build_pass_table_kernel(unsigned long long *, unsigned long long, int, unsigned long long)"
0.0,489709,1,489709.0,489709.0,489709,489709,0.0,"void s2g_mont_test_kernel<(int)128>(const unsigned long long *, const unsigned long long *, const unsigned long long *, unsigned long long, int, int, unsigned long long *)"
0.0,232231,26,8932.0,9408.5,1536,10113,2204.0,"fold_reverse_kernel(const unsigned long long *, unsigned long long, unsigned long long, int, unsigned long long *)"
0.0,224871,14,16062.2,17120.5,2113,17216,4015.0,"groot_input_digest_kernel(const unsigned long long *, unsigned long long, unsigned long long, unsigned long long *)"
0.0,115585,26,4445.6,4400.0,3936,4896,284.0,"build_tile_table_kernel(unsigned long long *, int, int, unsigned long long)"
0.0,108099,42,2573.8,2816.0,1216,3168,547.2,"build_radix_table_kernel(unsigned long long *, int, unsigned long long, int)"
