name,group,bits,B2,config,rep,D,P,giant_points,batches,big_budget_mib,owner_budget_mib,arena_budget_mib,seconds,init,main,process_seconds,owner_enabled,owner_reason,owner_mib,big_mib,small_mib,table_mib,fuse_base_mib,ntt_full_mib,raw_a_mib,raw_b_mib,coordinates_mib,output_mib,baby_payload_mib,baby_root_d2h_bytes,baby_leaf_d2h_bytes,baby_coordinate_d2h_bytes,host_output_pinned_mib,host_commit_snapshot_max_mib,host_peak_commit_snapshot_max_mib,output_d2h_bytes,fold_h2d_bytes,fold_d2h_bytes,fold_avoided_h2d_bytes,fold_avoided_d2h_bytes,rootfold_d2d_bytes,rootfold_avoided_h2d_bytes,rootfold_avoided_d2h_bytes,gleaf_group_d2h_bytes,gleaf_bad_segment_d2h_bytes,gleaf_bad_point_d2h_bytes,gleaf_avoided_point_d2h_bytes,gleaf_avoided_leaf_h2d_bytes,ntt_seconds,fold_seconds,gtrees_seconds,giant_seconds,observed_card_mib,baseline_card_mib,arena_overflow,leaf_hash,gmp_checked,full_checks,factors
01_warmup_m2203_b80000000000_large_resident_r0,warmup,2203,80000000000,large_resident,0,330330,31680,242184,8,3072,1024,6300,3.16088,0.60175,2.559131,3.6727672000124585,1,none,76.13743591308594,384.0,2.7055587768554688,25.755523681640625,11.985946655273438,424.44702911376953,16.9189453125,12.689208984375,129.3402099609375,16.919212341308594,34.04819869995117,34720,8870400,0,16.919479370117188,1436,1504,319369400,17742144,8870472,366261280,242068400,67813760,67813760,67813760,66360,0,0,135623040,135623040,1.885,0.39,0.902,0.208,1270.6171875,232.0,0,4177866429021034075,8297,3,
02_warmup_m4423_b80000000000_large_resident_r0,warmup,4423,80000000000,large_resident,0,330330,31680,242184,8,3072,1024,6300,7.069918,1.555161,5.514757,7.833321600017371,1,none,152.2748260498047,768.0,1.8343582153320312,41.822418212890625,20.034774780273438,831.6915512084961,33.837890625,25.37841796875,258.680419921875,33.83842468261719,67.85457992553711,69440,17740800,0,33.838958740234375,2385,2391,638738800,35483784,17740872,732522560,484136800,135627520,135627520,135627520,132720,0,0,271246080,271246080,3.931,0.847,1.827,0.797,2222.6171875,232.0,0,4291238855264973515,12841,4,
03_warmup_m8191_b80000000000_large_resident_r0,warmup,8191,80000000000,large_resident,0,330330,31680,242184,8,3072,1024,6300,20.720975,4.164994,16.555981,21.4676085000101,1,none,278.4453582763672,1536.0,1.4328536987304688,57.889801025390625,28.067977905273438,1623.3906326293945,61.875,46.40625,309.375,61.8759765625,123.87658309936523,126976,32440320,0,61.876953125,3871,4121,1167979520,64884216,32440392,1339469824,885278720,248004608,248004608,248004608,242688,0,0,495992832,495992832,8.444,1.673,4.071,4.24,3268.6171875,232.0,0,3523388681744264225,21143,2,338193759479
04_shape_policy_m2203_b80000000000_large_resident_r0,shape_policy,2203,80000000000,large_resident,0,330330,31680,242184,8,3072,1024,6300,3.14889,0.605652,2.543238,3.8312491000106093,1,none,76.13743591308594,384.0,2.7055587768554688,25.755523681640625,11.985946655273438,424.44702911376953,16.9189453125,12.689208984375,129.3402099609375,16.919212341308594,34.04819869995117,34720,8870400,0,16.919479370117188,1436,1505,319369400,17742144,8870472,366261280,242068400,67813760,67813760,67813760,66360,0,0,135623040,135623040,1.884,0.391,0.891,0.21,1270.6171875,232.0,0,4177866429021034075,8297,3,
05_shape_policy_m2203_b80000000000_large_owner128_r0,shape_policy,2203,80000000000,large_owner128,0,330330,31680,242184,8,3072,128,6300,3.194285,0.606956,2.587329,3.8248805000039283,1,none,76.13743591308594,384.0,2.7055587768554688,25.755523681640625,11.985946655273438,424.44702911376953,16.9189453125,12.689208984375,129.3402099609375,16.919212341308594,34.04819869995117,34720,8870400,0,16.919479370117188,1433,1501,319369400,17742144,8870472,366261280,242068400,67813760,67813760,67813760,66360,0,0,135623040,135623040,1.887,0.391,0.916,0.208,1270.6171875,232.0,0,4177866429021034075,8297,3,
06_shape_policy_m2203_b80000000000_small_big_r0,shape_policy,2203,80000000000,small_big,0,330330,31680,242184,8,768,1024,6300,3.15761,0.619726,2.537884,3.8251783000014257,1,none,76.13743591308594,384.0,2.7055587768554688,25.755523681640625,11.985946655273438,424.44702911376953,16.9189453125,12.689208984375,129.3402099609375,16.919212341308594,34.04819869995117,34720,8870400,0,16.919479370117188,1432,1501,319369400,17742144,8870472,366261280,242068400,67813760,67813760,67813760,66360,0,0,135623040,135623040,1.884,0.391,0.892,0.207,1270.6171875,232.0,0,4177866429021034075,8297,3,
07_shape_policy_m4423_b80000000000_large_resident_r0,shape_policy,4423,80000000000,large_resident,0,330330,31680,242184,8,3072,1024,6300,7.072743,1.554227,5.518517,7.831001400016248,1,none,152.2748260498047,768.0,1.8343582153320312,41.822418212890625,20.034774780273438,831.6915512084961,33.837890625,25.37841796875,258.680419921875,33.83842468261719,67.85457992553711,69440,17740800,0,33.838958740234375,2449,2455,638738800,35483784,17740872,732522560,484136800,135627520,135627520,135627520,132720,0,0,271246080,271246080,3.936,0.85,1.829,0.797,2222.6171875,232.0,0,4291238855264973515,12841,4,
08_shape_policy_m4423_b80000000000_large_owner128_r0,shape_policy,4423,80000000000,large_owner128,0,330330,31680,242184,8,3072,128,6300,7.437019,1.560953,5.876066,8.03341149998596,0,budget,0.0,768.0,1.8343582153320312,41.822418212890625,20.034774780273438,831.6915512084961,33.837890625,25.37841796875,258.680419921875,33.83842468261719,67.85457992553711,69440,17740800,0,67.67684936523438,2254,2389,1122875600,0,0,0,0,0,0,0,132720,0,0,271246080,271246080,4.082,1.166,1.845,0.799,2068.6171875,232.0,0,4291238855264973515,12841,4,
09_shape_policy_m4423_b80000000000_small_big_r0,shape_policy,4423,80000000000,small_big,0,330330,31680,242184,8,768,1024,6300,7.112054,1.554729,5.557324,7.63613970001461,1,none,152.2748260498047,768.0,1.8343582153320312,41.822418212890625,20.034774780273438,831.6915512084961,33.837890625,25.37841796875,258.680419921875,33.83842468261719,67.85457992553711,69440,17740800,0,33.838958740234375,2449,2455,638738800,35483784,17740872,732522560,484136800,135627520,135627520,135627520,132720,0,0,271246080,271246080,3.973,0.888,1.826,0.799,2222.6171875,232.0,0,4291238855264973515,12841,4,
10_shape_policy_m8191_b80000000000_large_resident_r0,shape_policy,8191,80000000000,large_resident,0,330330,31680,242184,8,3072,1024,6300,20.719035,4.155601,16.563435,21.463360699999612,1,none,278.4453582763672,1536.0,1.4328536987304688,57.889801025390625,28.067977905273438,1623.3906326293945,61.875,46.40625,309.375,61.8759765625,123.87658309936523,126976,32440320,0,61.876953125,3871,4120,1167979520,64884216,32440392,1339469824,885278720,248004608,248004608,248004608,242688,0,0,495992832,495992832,8.452,1.668,4.067,4.234,3268.6171875,232.0,0,3523388681744264225,21143,2,338193759479
11_shape_policy_m8191_b80000000000_large_owner128_r0,shape_policy,8191,80000000000,large_owner128,0,330330,31680,242184,8,3072,128,6300,21.315393,4.168629,17.146765,22.06563730002381,0,budget,0.0,1536.0,1.4328536987304688,57.889801025390625,28.067977905273438,1623.3906326293945,61.875,46.40625,309.375,61.8759765625,123.87658309936523,126976,32440320,0,123.751953125,3696,4137,2053258240,0,0,0,0,0,0,0,242688,0,0,495992832,495992832,8.684,2.226,4.101,4.234,2988.6171875,232.0,0,3523388681744264225,21143,2,338193759479
12_shape_policy_m8191_b80000000000_small_big_r0,shape_policy,8191,80000000000,small_big,0,210210,20160,380573,19,768,1024,6300,24.552731,2.843623,21.709109,25.26874170001247,1,none,177.1953582763672,768.0,0.96319580078125,41.822418212890625,20.003524780273438,830.7891387939453,39.375,29.53125,275.625,39.3759765625,78.832594871521,80896,20643840,0,39.376953125,2715,2972,753005568,41292048,20644000,2224556032,1481306112,389726208,389726208,389726208,381952,0,0,779413504,779413504,10.198,2.27,6.332,6.192,2278.6171875,232.0,0,3773555809346952547,21384,5,338193759479
13_shape_policy_m4423_b260000000000_large_owner128_r0,shape_policy,4423,260000000000,large_owner128,0,570570,51840,455686,9,3072,128,6300,14.249673,2.668608,11.581065,15.051346399995964,0,budget,0.0,1536.0,2.6241912841796875,57.889801025390625,28.099227905273438,1624.6132202148438,55.37109375,41.5283203125,276.85546875,55.37162780761719,111.0326795578003,113680,29030400,0,110.74325561523438,3672,4039,2028263440,0,0,0,0,0,0,0,249760,0,0,510368320,510368320,8.27,2.503,3.825,1.6,2940.6171875,232.0,0,12012653487761826561,22824,3,
14_shape_policy_m4423_b260000000000_small_big_r0,shape_policy,4423,260000000000,small_big,0,390390,37440,666002,18,768,1024,6300,14.632169,1.960259,12.67191,15.455439499986824,1,none,179.9603729248047,768.0,1.8645706176757812,41.822418212890625,20.034774780273438,831.7217636108398,39.990234375,29.99267578125,279.931640625,39.99076843261719,80.19148540496826,82320,20966400,0,39.991302490234375,2755,3024,816218480,41935704,20966552,2129742720,1416848160,372971200,372971200,372971200,364560,0,0,745922240,745922240,9.196,2.158,5.556,2.331,2284.6171875,232.0,0,12075202066186745650,22087,10,
15_shape_policy_m4423_b260000000000_large_resident_r0,shape_policy,4423,260000000000,large_resident,0,570570,51840,455686,9,3072,1024,6300,13.611051,2.630079,10.980972,14.25065309999627,1,none,249.1742401123047,1536.0,2.6241912841796875,57.889801025390625,28.099227905273438,1624.6132202148438,55.37109375,41.5283203125,276.85546875,55.37162780761719,111.0326795578003,113680,29030400,0,55.372161865234375,3834,4014,1111468400,58063056,29030480,1381298240,916795040,255189200,255189200,255189200,249760,0,0,510368320,510368320,8.045,1.956,3.793,1.598,3192.6171875,232.0,0,12012653487761826561,22824,3,
16_shape_policy_m8191_b260000000000_large_owner128_r0,shape_policy,8191,260000000000,large_owner128,0,570570,51840,455686,9,3072,128,6300,37.658658,7.366874,30.291784,38.50158919999376,0,budget,0.0,3072.0,2.2116546630859375,73.95816040039062,36.13243103027344,3184.30224609375,101.25,75.9375,303.75,101.2509765625,202.70331859588623,207872,53084160,0,202.501953125,6139,6634,3708824576,0,0,0,0,0,0,0,456704,0,0,933244928,933244928,17.876,5.017,8.565,6.799,4650.6171875,232.0,0,13331910202222936848,38466,2,338193759479
17_shape_policy_m8191_b260000000000_small_big_r0,shape_policy,8191,260000000000,small_big,0,210210,20160,1236860,62,768,1024,6300,59.538724,2.865489,56.673235,60.34721180002089,1,none,177.1953582763672,768.0,0.922393798828125,41.822418212890625,20.003524780273438,830.7483367919922,39.375,29.53125,275.625,39.3759765625,78.832594871521,80896,20643840,0,39.376953125,2710,2968,753005568,41295144,20644344,7529148416,5010352128,1266608128,1266608128,1266608128,1239040,0,0,2533089280,2533089280,29.606,7.653,20.507,19.259,2278.6171875,232.0,0,7995678652265033517,59725,11,338193759479
18_shape_policy_m8191_b260000000000_large_resident_r0,shape_policy,8191,260000000000,large_resident,0,570570,51840,455686,9,3072,1024,6300,36.476892,7.371862,29.105029,37.09474780000164,1,none,455.6328582763672,3072.0,2.2116546630859375,73.95816040039062,36.13243103027344,3184.30224609375,101.25,75.9375,303.75,101.2509765625,202.70331859588623,207872,53084160,0,101.251953125,6386,6647,2032399360,106171968,53084240,2525802496,1676425216,466631680,466631680,466631680,456704,0,0,933244928,933244928,17.439,4.014,8.493,6.787,5108.6171875,232.0,0,13331910202222936848,38466,2,338193759479
19_shape_policy_m2203_b260000000000_large_owner128_r0,shape_policy,2203,260000000000,large_owner128,0,570570,51840,455686,9,3072,128,6300,6.011848,0.998544,5.013304,6.632498099992517,1,none,124.58714294433594,768.0,3.5106658935546875,41.822418212890625,20.050399780273438,833.3834838867188,27.685546875,20.76416015625,243.36257934570312,27.685813903808594,55.71419048309326,56840,14515200,0,27.686080932617188,2030,2074,555734200,29031816,14515280,690649120,458397520,127594600,127594600,127594600,124880,0,0,255184160,255184160,3.862,0.959,1.81,0.38,1870.6171875,232.0,0,11610733774086269135,13740,2,
20_shape_policy_m2203_b260000000000_small_big_r0,shape_policy,2203,260000000000,small_big,0,570570,51840,455686,9,768,1024,6300,5.989811,0.990986,4.998825,6.83321850001812,1,none,124.58714294433594,768.0,3.5106658935546875,41.822418212890625,20.050399780273438,833.3834838867188,27.685546875,20.76416015625,243.36257934570312,27.685813903808594,55.71419048309326,56840,14515200,0,27.686080932617188,2037,2082,555734200,29031816,14515280,690649120,458397520,127594600,127594600,127594600,124880,0,0,255184160,255184160,3.864,0.958,1.81,0.38,1870.6171875,232.0,0,11610733774086269135,13740,2,
21_shape_policy_m2203_b260000000000_large_resident_r0,shape_policy,2203,260000000000,large_resident,0,570570,51840,455686,9,3072,1024,6300,5.988147,0.991666,4.99648,7.302657799998997,1,none,124.58714294433594,768.0,3.5106658935546875,41.822418212890625,20.050399780273438,833.3834838867188,27.685546875,20.76416015625,243.36257934570312,27.685813903808594,55.71419048309326,56840,14515200,0,27.686080932617188,2029,2081,555734200,29031816,14515280,690649120,458397520,127594600,127594600,127594600,124880,0,0,255184160,255184160,3.856,0.957,1.805,0.38,1870.6171875,232.0,0,11610733774086269135,13740,2,
22_shape_policy_m8191_b800000000000_small_big_r0,shape_policy,8191,800000000000,small_big,0,210210,20160,3805720,189,768,1024,6300,164.405675,2.896905,161.50877,164.96981730000698,1,none,177.1953582763672,768.0,0.9542999267578125,41.822418212890625,20.003524780273438,830.7802429199219,39.375,29.53125,275.625,39.3759765625,78.832594871521,80896,20643840,0,39.376953125,2713,2972,753005568,41304288,20645360,23277764608,15514912768,3897250816,3897250816,3897250816,3811328,0,0,7794114560,7794114560,87.891,23.758,63.131,59.043,2278.6171875,232.0,0,11749557723444962913,174326,26,338193759479
23_shape_policy_m8191_b800000000000_large_resident_r0,shape_policy,8191,800000000000,large_resident,0,746130,69120,1072201,16,3072,1024,6300,70.989118,9.947715,61.041403,71.98575640001218,1,none,607.5078582763672,3072.0,2.4874649047851562,73.95816040039062,36.13243103027344,3184.578056335449,135.0,101.25,270.0,135.0009765625,270.26881217956543,276480,70778880,0,135.001953125,7326,7597,2927621120,141561912,70779016,6301104128,4177678336,1097950208,1097950208,1097950208,1073152,0,0,2195867648,2195867648,35.287,7.727,21.017,17.791,5324.6171875,232.0,0,16801518689620334639,59886,2,338193759479
24_shape_policy_m8191_b800000000000_large_owner128_r0,shape_policy,8191,800000000000,large_owner128,0,746130,69120,1072201,16,3072,128,6300,73.170801,9.915709,63.255093,73.9781640000001,0,budget,0.0,3072.0,2.4874649047851562,73.95816040039062,36.13243103027344,3184.578056335449,135.0,101.25,270.0,135.0009765625,270.26881217956543,276480,70778880,0,270.001953125,6912,7493,7105299456,0,0,0,0,0,0,0,1073152,0,0,2195867648,2195867648,36.42,10.231,21.156,17.807,4714.6171875,232.0,0,16801518689620334639,59886,2,338193759479
25_shape_policy_m2203_b800000000000_small_big_r0,shape_policy,2203,800000000000,small_big,0,746130,69120,1072201,16,768,1024,6300,11.412476,1.42598,9.986495,12.04618879998452,1,none,166.11546325683594,768.0,3.8169097900390625,41.822418212890625,20.050399780273438,833.6897277832031,36.9140625,27.685546875,258.3984375,36.914329528808594,74.28496360778809,75600,19353600,0,36.91459655761719,2468,2734,800521400,38709120,19353736,1722958160,1142333920,300220760,300220760,300220760,293720,0,0,600432560,600432560,7.892,1.845,4.611,0.952,1960.6171875,232.0,0,16760050350703932098,21115,2,
26_shape_policy_m2203_b800000000000_large_resident_r0,shape_policy,2203,800000000000,large_resident,0,1021020,92160,783532,9,3072,1024,6300,11.02707,1.797671,9.229399,11.650695499993162,1,none,221.48655700683594,1536.0,4.313056945800781,57.889801025390625,28.114852905273438,1626.3177108764648,49.21875,36.9140625,295.3125,49.219017028808594,99.04617309570312,100800,25804800,0,49.21928405761719,3514,3697,1036778680,51611016,25804880,1212930880,800045680,219391480,219391480,219391480,214480,0,0,438777920,438777920,7.191,1.863,3.241,0.685,2880.6171875,232.0,0,13252844013979896700,21513,2,
27_shape_policy_m2203_b800000000000_large_owner128_r0,shape_policy,2203,800000000000,large_owner128,0,1021020,92160,783532,9,3072,128,6300,11.745797,1.774683,9.971114,12.446615199994994,0,budget,0.0,1536.0,4.313056945800781,57.889801025390625,28.114852905273438,1626.3177108764648,49.21875,36.9140625,295.3125,49.219017028808594,99.04617309570312,100800,25804800,0,98.43803405761719,3336,3671,1836824360,0,0,0,0,0,0,0,214480,0,0,438777920,438777920,7.445,2.378,3.279,0.684,2656.6171875,232.0,0,13252844013979896700,21513,2,
28_shape_policy_m4423_b800000000000_small_big_r0,shape_policy,4423,800000000000,small_big,0,390390,37440,2049234,55,768,1024,6300,35.650186,1.976423,33.673763,36.50513969999156,1,none,179.9603729248047,768.0,1.863739013671875,41.822418212890625,20.034774780273438,831.7209320068359,39.990234375,29.99267578125,279.931640625,39.99076843261719,80.19148540496826,82320,20966400,0,39.991302490234375,2750,3010,816218480,41938368,20966848,6782072640,4517581600,1147601840,1147601840,1147601840,1121120,0,0,2295142080,2295142080,25.401,6.911,17.228,6.705,2284.6171875,232.0,0,11826425312963778070,57818,22,
29_shape_policy_m4423_b800000000000_large_resident_r0,shape_policy,4423,800000000000,large_resident,0,1021020,92160,783532,9,3072,1024,6300,25.300168,4.7714,20.528768,26.0697388999979,1,none,442.9730682373047,3072.0,3.8446502685546875,73.95816040039062,36.16368103027344,3185.9664916992188,98.4375,73.828125,295.3125,98.43803405761719,197.38887786865234,201600,51609600,0,98.43856811523438,6398,6663,2073557360,103221456,51609680,2425861760,1600091360,438782960,438782960,438782960,428960,0,0,877555840,877555840,15.235,3.959,6.881,2.922,5086.6171875,232.0,0,5661646060879587953,35986,3,
30_shape_policy_m4423_b800000000000_large_owner128_r0,shape_policy,4423,800000000000,large_owner128,0,1021020,92160,783532,9,3072,128,6300,26.357189,4.750483,21.606706,27.276061199983815,0,budget,0.0,3072.0,3.8446502685546875,73.95816040039062,36.16368103027344,3185.9664916992188,98.4375,73.828125,295.3125,98.43803405761719,197.38887786865234,201600,51609600,0,196.87606811523438,6104,6662,3673648720,0,0,0,0,0,0,0,428960,0,0,877555840,877555840,15.622,4.86,7.0,2.925,4640.6171875,232.0,0,5661646060879587953,35986,3,
31_shape_policy_m4423_b2600000000000_large_resident_r0,shape_policy,4423,2600000000000,large_resident,0,1531530,138240,1697650,13,3072,1024,6300,47.598484,7.23474,40.363744,48.50590360001661,1,none,664.4574432373047,3072.0,5.027839660644531,73.95816040039062,36.16368103027344,3187.1496810913086,147.65625,110.7421875,295.3125,147.6567840576172,296.08198165893555,302400,77414400,0,147.65731811523438,7621,7902,3356916080,154831344,77414512,5462457280,3604485920,950691280,950691280,950691280,928480,0,0,1901368000,1901368000,29.151,6.222,16.378,6.859,5444.6171875,232.0,0,14688302324218002899,56860,3,
32_shape_policy_m4423_b2600000000000_large_owner128_r0,shape_policy,4423,2600000000000,large_owner128,0,1531530,138240,1697650,13,3072,128,6300,49.628891,7.220229,42.408663,50.520014299981995,0,budget,0.0,3072.0,5.027839660644531,73.95816040039062,36.16368103027344,3187.1496810913086,147.65625,110.7421875,295.3125,147.6567840576172,296.08198165893555,302400,77414400,0,295.3135681152344,7194,7910,6961402000,0,0,0,0,0,0,0,928480,0,0,1901368000,1901368000,30.137,8.45,16.502,6.851,4778.6171875,232.0,0,14688302324218002899,56860,3,
33_shape_policy_m4423_b2600000000000_small_big_r0,shape_policy,4423,2600000000000,small_big,0,390390,37440,6660008,178,768,1024,6300,106.106017,1.932275,104.173743,106.8362904000096,1,none,179.9603729248047,768.0,1.8660125732421875,41.822418212890625,20.034774780273438,831.7232055664062,39.990234375,29.99267578125,279.931640625,39.99076843261719,80.19148540496826,82320,20966400,0,39.991302490234375,2754,3032,816218480,41947224,20967832,22261883840,14839382880,3729704160,3729704160,3729704160,3643360,0,0,7459208960,7459208960,79.103,22.613,55.916,22.173,2284.6171875,232.0,0,14395382866361549316,176147,69,
34_shape_policy_m4423_b8000000000000_large_resident_r0,shape_policy,4423,8000000000000,large_resident,0,1531530,138240,5223536,38,3072,1024,6300,109.105587,7.25256,101.853027,110.64575930000865,1,none,664.4574432373047,3072.0,4.909919738769531,73.95816040039062,36.16368103027344,3187.0317611694336,147.65625,110.7421875,295.3125,147.6567840576172,296.08198165893555,302400,77414400,0,147.65731811523438,7631,7912,3356916080,154833144,77414712,17152945600,11424198240,2925201440,2925201440,2925201440,2857120,0,0,5850360320,5850360320,76.08,19.507,50.502,20.801,5444.6171875,232.0,0,9246422979329833150,144849,4,
35_shape_policy_m4423_b8000000000000_large_owner128_r0,shape_policy,4423,8000000000000,large_owner128,0,1531530,138240,5223536,38,3072,128,6300,116.805879,7.263902,109.541977,118.92547980000381,0,budget,0.0,3072.0,4.909919738769531,73.95816040039062,36.16368103027344,3187.0317611694336,147.65625,110.7421875,295.3125,147.6567840576172,296.08198165893555,302400,77414400,0,295.3135681152344,7181,7739,14781114320,0,0,0,0,0,0,0,2857120,0,0,5850360320,5850360320,79.129,26.412,50.822,20.812,4778.6171875,232.0,0,9246422979329833150,144849,4,
36_shape_policy_m4423_b8000000000000_small_big_r0,shape_policy,4423,8000000000000,small_big,0,390390,37440,20492330,548,768,1024,6300,317.557874,1.927923,315.629952,318.87364420000813,1,none,179.9603729248047,768.0,1.814178466796875,41.822418212890625,20.034774780273438,831.6713714599609,39.990234375,29.99267578125,279.931640625,39.99076843261719,80.19148540496826,82320,20966400,0,39.991302490234375,2776,3055,816218480,41973864,20970792,68785185280,45846719520,11476011680,11476011680,11476011680,11209520,0,0,22951409600,22951409600,240.108,69.541,172.07,68.608,2284.6171875,232.0,0,3339291456877609057,532550,207,
37_fixed_D_m4423_b260000000000_large_resident_r1,fixed_D,4423,260000000000,large_resident,1,1021020,92160,254649,3,3072,1024,6300,15.468733,4.740591,10.728142,16.257287499989616,1,none,442.9730682373047,3072.0,4.191925048828125,73.95816040039062,36.16368103027344,3186.313766479492,98.4375,73.828125,271.9944763183594,98.43803405761719,197.38887786865234,201600,51609600,0,98.43856811523438,6110,6110,2073557360,103221024,51609632,594868960,388427200,142605120,142605120,142605120,139440,0,0,285206880,285206880,7.664,0.923,2.27,0.842,5062.6171875,232.0,0,683578012078130721,19370,3,
38_fixed_D_m4423_b260000000000_large_owner128_r2,fixed_D,4423,260000000000,large_owner128,2,1021020,92160,254649,3,3072,128,6300,15.756837,4.733219,11.023618,16.65809929999523,0,budget,0.0,3072.0,4.191925048828125,73.95816040039062,36.16368103027344,3186.313766479492,98.4375,73.828125,271.9944763183594,98.43803405761719,197.38887786865234,201600,51609600,0,196.87606811523438,5745,6099,2461984560,0,0,0,0,0,0,0,139440,0,0,285206880,285206880,7.803,1.171,2.286,0.844,4616.6171875,232.0,0,683578012078130721,19370,3,
39_fixed_D_m4423_b260000000000_large_owner128_r3,fixed_D,4423,260000000000,large_owner128,3,1021020,92160,254649,3,3072,128,6300,15.738237,4.743836,10.994401,17.324650700000348,0,budget,0.0,3072.0,4.191925048828125,73.95816040039062,36.16368103027344,3186.313766479492,98.4375,73.828125,271.9944763183594,98.43803405761719,197.38887786865234,201600,51609600,0,196.87606811523438,5750,6105,2461984560,0,0,0,0,0,0,0,139440,0,0,285206880,285206880,7.799,1.173,2.286,0.845,4616.6171875,232.0,0,683578012078130721,19370,3,
40_fixed_D_m4423_b260000000000_large_resident_r4,fixed_D,4423,260000000000,large_resident,4,1021020,92160,254649,3,3072,1024,6300,15.446695,4.730473,10.716223,16.28250550001394,1,none,442.9730682373047,3072.0,4.191925048828125,73.95816040039062,36.16368103027344,3186.313766479492,98.4375,73.828125,271.9944763183594,98.43803405761719,197.38887786865234,201600,51609600,0,98.43856811523438,6214,6214,2073557360,103221024,51609632,594868960,388427200,142605120,142605120,142605120,139440,0,0,285206880,285206880,7.667,0.923,2.265,0.843,5062.6171875,232.0,0,683578012078130721,19370,3,
41_fixed_D_m4423_b800000000000_large_resident_r1,fixed_D,4423,800000000000,large_resident,1,1021020,92160,783532,9,3072,1024,6300,25.287995,4.770092,20.517903,26.079921399999876,1,none,442.9730682373047,3072.0,3.8446502685546875,73.95816040039062,36.16368103027344,3185.9664916992188,98.4375,73.828125,295.3125,98.43803405761719,197.38887786865234,201600,51609600,0,98.43856811523438,6402,6666,2073557360,103221456,51609680,2425861760,1600091360,438782960,438782960,438782960,428960,0,0,877555840,877555840,15.223,3.925,6.884,2.927,5086.6171875,232.0,0,5661646060879587953,35986,3,
42_fixed_D_m4423_b800000000000_large_owner128_r2,fixed_D,4423,800000000000,large_owner128,2,1021020,92160,783532,9,3072,128,6300,26.350503,4.760998,21.589505,27.110517099994468,0,budget,0.0,3072.0,3.8446502685546875,73.95816040039062,36.16368103027344,3185.9664916992188,98.4375,73.828125,295.3125,98.43803405761719,197.38887786865234,201600,51609600,0,196.87606811523438,6076,6637,3673648720,0,0,0,0,0,0,0,428960,0,0,877555840,877555840,15.666,4.907,6.935,2.924,4640.6171875,232.0,0,5661646060879587953,35986,3,
43_fixed_D_m4423_b800000000000_large_owner128_r3,fixed_D,4423,800000000000,large_owner128,3,1021020,92160,783532,9,3072,128,6300,26.418287,4.757701,21.660586,27.280552999989595,0,budget,0.0,3072.0,3.8446502685546875,73.95816040039062,36.16368103027344,3185.9664916992188,98.4375,73.828125,295.3125,98.43803405761719,197.38887786865234,201600,51609600,0,196.87606811523438,6103,6661,3673648720,0,0,0,0,0,0,0,428960,0,0,877555840,877555840,15.666,4.916,6.945,2.935,4640.6171875,232.0,0,5661646060879587953,35986,3,
44_fixed_D_m4423_b800000000000_large_resident_r4,fixed_D,4423,800000000000,large_resident,4,1021020,92160,783532,9,3072,1024,6300,25.273013,4.74562,20.527393,26.076591599994572,1,none,442.9730682373047,3072.0,3.8446502685546875,73.95816040039062,36.16368103027344,3185.9664916992188,98.4375,73.828125,295.3125,98.43803405761719,197.38887786865234,201600,51609600,0,98.43856811523438,6399,6664,2073557360,103221456,51609680,2425861760,1600091360,438782960,438782960,438782960,428960,0,0,877555840,877555840,15.227,3.932,6.896,2.928,5086.6171875,232.0,0,5661646060879587953,35986,3,
45_fixed_D_m4423_b2600000000000_large_resident_r1,fixed_D,4423,2600000000000,large_resident,1,1021020,92160,2546475,28,3072,1024,6300,59.047941,5.005544,54.042397,59.99113739997847,1,none,442.9730682373047,3072.0,4.076408386230469,73.95816040039062,36.16368103027344,3186.1982498168945,98.4375,73.828125,295.3125,98.43803405761719,197.38887786865234,201600,51609600,0,98.43856811523438,6379,6645,2073557360,103222824,51609832,8322730080,5535752320,1426041680,1426041680,1426041680,1392720,0,0,2852052000,2852052000,40.153,13.468,22.541,10.148,5086.6171875,232.0,0,15613089852530354212,89798,3,
46_fixed_D_m4423_b2600000000000_large_owner128_r2,fixed_D,4423,2600000000000,large_owner128,2,1021020,92160,2546475,28,3072,128,6300,64.078344,5.072888,59.005456,64.97756729999674,0,budget,0.0,3072.0,4.076408386230469,73.95816040039062,36.16368103027344,3186.1982498168945,98.4375,73.828125,295.3125,98.43803405761719,197.38887786865234,201600,51609600,0,196.87606811523438,6105,6666,7609309680,0,0,0,0,0,0,0,1392720,0,0,2852052000,2852052000,41.715,17.712,22.838,10.149,4640.6171875,232.0,0,15613089852530354212,89798,3,
47_fixed_D_m4423_b2600000000000_large_owner128_r3,fixed_D,4423,2600000000000,large_owner128,3,1021020,92160,2546475,28,3072,128,6300,63.717608,5.038682,58.678926,64.78313619998517,0,budget,0.0,3072.0,4.076408386230469,73.95816040039062,36.16368103027344,3186.1982498168945,98.4375,73.828125,295.3125,98.43803405761719,197.38887786865234,201600,51609600,0,196.87606811523438,6102,6663,7609309680,0,0,0,0,0,0,0,1392720,0,0,2852052000,2852052000,41.644,17.585,22.808,10.158,4640.6171875,232.0,0,15613089852530354212,89798,3,
48_fixed_D_m4423_b2600000000000_large_resident_r4,fixed_D,4423,2600000000000,large_resident,4,1021020,92160,2546475,28,3072,1024,6300,59.001167,5.030717,53.97045,60.69851810002001,1,none,442.9730682373047,3072.0,4.076408386230469,73.95816040039062,36.16368103027344,3186.1982498168945,98.4375,73.828125,295.3125,98.43803405761719,197.38887786865234,201600,51609600,0,98.43856811523438,6375,6642,2073557360,103222824,51609832,8322730080,5535752320,1426041680,1426041680,1426041680,1392720,0,0,2852052000,2852052000,40.148,13.443,22.523,10.15,5086.6171875,232.0,0,15613089852530354212,89798,3,
49_owner640_boundary_m4423_b8000000000000_large_resident_r1,owner640_boundary,4423,8000000000000,large_resident,1,1531530,138240,5223536,38,3072,1024,6300,111.444409,7.614675,103.829734,112.87650529999519,1,none,664.4574432373047,3072.0,4.909919738769531,73.95816040039062,36.16368103027344,3187.0317611694336,147.65625,110.7421875,295.3125,147.6567840576172,296.08198165893555,302400,77414400,0,147.65731811523438,7624,7905,3356916080,154833144,77414712,17152945600,11424198240,2925201440,2925201440,2925201440,2857120,0,0,5850360320,5850360320,75.912,19.388,50.526,20.819,5444.6171875,232.0,0,9246422979329833150,144849,4,
50_owner640_boundary_m4423_b8000000000000_large_owner640_r2,owner640_boundary,4423,8000000000000,large_owner640,2,1531530,138240,5223536,38,3072,640,6300,119.963008,7.544796,112.418212,121.50506450000103,0,budget,0.0,3072.0,4.909919738769531,73.95816040039062,36.16368103027344,3187.0317611694336,147.65625,110.7421875,295.3125,147.6567840576172,296.08198165893555,302400,77414400,0,295.3135681152344,7186,7903,14781114320,0,0,0,0,0,0,0,2857120,0,0,5850360320,5850360320,79.076,27.735,51.04,20.818,4778.6171875,232.0,0,9246422979329833150,144849,4,
51_owner640_boundary_m4423_b8000000000000_large_owner640_r3,owner640_boundary,4423,8000000000000,large_owner640,3,1531530,138240,5223536,38,3072,640,6300,119.644525,7.588492,112.056033,121.29900169998291,0,budget,0.0,3072.0,4.909919738769531,73.95816040039062,36.16368103027344,3187.0317611694336,147.65625,110.7421875,295.3125,147.6567840576172,296.08198165893555,302400,77414400,0,295.3135681152344,7183,7900,14781114320,0,0,0,0,0,0,0,2857120,0,0,5850360320,5850360320,79.084,27.546,50.989,20.819,4778.6171875,232.0,0,9246422979329833150,144849,4,
52_owner640_boundary_m4423_b8000000000000_large_resident_r4,owner640_boundary,4423,8000000000000,large_resident,4,1531530,138240,5223536,38,3072,1024,6300,110.450216,7.592293,102.857924,112.54879160001292,1,none,664.4574432373047,3072.0,4.909919738769531,73.95816040039062,36.16368103027344,3187.0317611694336,147.65625,110.7421875,295.3125,147.6567840576172,296.08198165893555,302400,77414400,0,147.65731811523438,7630,7862,3356916080,154833144,77414712,17152945600,11424198240,2925201440,2925201440,2925201440,2857120,0,0,5850360320,5850360320,75.921,19.402,50.575,20.82,5444.6171875,232.0,0,9246422979329833150,144849,4,
